mean_fit_time,mean_score_time,param_decisiontreeclassifier__max_depth,mean_test_score,mean_train_score
0.004939365386962891,0.001926088333129883,2,0.9614285714285714,0.9735513482501433
0.005586004257202149,0.0012600421905517578,10,0.9514285714285714,1.0
0.003244352340698242,0.0014277935028076173,11,0.9514285714285714,1.0
0.002121448516845703,0.0008680343627929688,18,0.9514285714285714,1.0
0.002327728271484375,0.0011522293090820313,17,0.9514285714285714,1.0
