mean_fit_time,mean_score_time,param_decisiontreeclassifier__max_depth,mean_test_score,mean_train_score
0.0029123306274414064,0.0012446880340576173,2,0.9614285714285714,0.9735513482501433
0.002300262451171875,0.0013511180877685547,10,0.9514285714285714,1.0
0.0017859458923339844,0.0014019012451171875,11,0.9514285714285714,1.0
0.0018915653228759766,0.0005795001983642578,18,0.9514285714285714,1.0
0.0030066967010498047,0.0017363548278808594,17,0.9514285714285714,1.0
