mean_fit_time,mean_score_time,param_decisiontreeclassifier__max_depth,mean_test_score,mean_train_score
0.19263958930969238,0.08125300407409668,2,0.9614285714285714,0.9735513482501433
0.1593937873840332,0.07691960334777832,5,0.9514285714285714,1.0
0.15623655319213867,0.0707399845123291,4,0.9514285714285714,0.9927710843373493
0.1709684371948242,0.07266845703125,12,0.9514285714285714,1.0
0.1515364170074463,0.09146361351013184,13,0.9514285714285714,1.0
