mean_fit_time,mean_score_time,param_decisiontreeclassifier__max_depth,mean_test_score,mean_train_score
0.007044601440429688,0.002857017517089844,2,0.9614285714285714,0.9735513482501433
0.006423282623291016,0.002905416488647461,5,0.9514285714285714,1.0
0.0076081275939941405,0.002902841567993164,4,0.9514285714285714,0.9927710843373493
0.004748916625976563,0.002502250671386719,12,0.9514285714285714,1.0
0.0054570198059082035,0.0026393890380859374,13,0.9514285714285714,1.0
