mean_fit_time,mean_score_time,param_decisiontreeclassifier__max_depth,mean_test_score,mean_train_score
0.017807435989379884,0.0071619987487792965,2,0.9614285714285714,0.9735513482501433
0.013595104217529297,0.005332517623901367,5,0.9514285714285714,1.0
0.010100841522216797,0.004797935485839844,4,0.9514285714285714,0.9927710843373493
0.011013936996459962,0.007667684555053711,12,0.9514285714285714,1.0
0.011046266555786133,0.004037189483642578,13,0.9514285714285714,1.0
