mean_fit_time,mean_score_time,param_kneighborsclassifier__n_neighbors,mean_test_score,mean_train_score
0.024474954605102538,0.009914636611938477,3,0.9704761904761906,0.9687033849684452
0.010779571533203126,0.0064773082733154295,11,0.9704761904761906,0.9711130235226622
0.01088409423828125,0.012355756759643555,4,0.9609523809523809,0.9590935169248421
0.012212228775024415,0.015251541137695312,5,0.9609523809523809,0.9663224325874928
0.009620857238769532,0.008199071884155274,8,0.9514285714285714,0.9662937464142283
