mean_fit_time,mean_score_time,param_kneighborsclassifier__n_neighbors,mean_test_score,mean_train_score
0.008851385116577149,0.008524894714355469,3,0.9704761904761906,0.9687033849684452
0.009951066970825196,0.0078028678894042965,11,0.9704761904761906,0.9711130235226622
0.017389249801635743,0.010902690887451171,4,0.9609523809523809,0.9590935169248421
0.006434297561645508,0.00567317008972168,5,0.9609523809523809,0.9663224325874928
0.005739927291870117,0.005153560638427734,8,0.9514285714285714,0.9662937464142283
