mean_fit_time,mean_score_time,param_kneighborsclassifier__n_neighbors,mean_test_score,mean_train_score
0.002345371246337891,0.0019002914428710937,3,0.9704761904761906,0.9687033849684452
0.0035642147064208984,0.0023432254791259767,11,0.9704761904761906,0.9711130235226622
0.001874399185180664,0.0016257286071777344,4,0.9609523809523809,0.9590935169248421
0.0018206596374511718,0.0012934207916259766,5,0.9609523809523809,0.9663224325874928
0.002534627914428711,0.002580690383911133,10,0.9514285714285714,0.9638841078600114
