mean_fit_time,mean_score_time,param_kneighborsclassifier__n_neighbors,mean_test_score,mean_train_score
0.0036953449249267577,0.0018974781036376954,3,0.9704761904761906,0.9687033849684452
0.002074432373046875,0.0017090320587158203,11,0.9704761904761906,0.9711130235226622
0.0017194271087646485,0.0020524024963378905,4,0.9609523809523809,0.9590935169248421
0.001276683807373047,0.0010852813720703125,5,0.9609523809523809,0.9663224325874928
0.0033385753631591797,0.002407217025756836,10,0.9514285714285714,0.9638841078600114
