mean_fit_time,mean_score_time,param_kneighborsclassifier__n_neighbors,mean_test_score,mean_train_score
0.011981868743896484,0.009459400177001953,3,0.9704761904761906,0.9687033849684452
0.003926515579223633,0.0028085231781005858,11,0.9704761904761906,0.9711130235226622
0.00905780792236328,0.006636953353881836,4,0.9609523809523809,0.9590935169248421
0.008209991455078124,0.007282686233520508,5,0.9609523809523809,0.9663224325874928
0.004683160781860351,0.0045356273651123045,8,0.9514285714285714,0.9662937464142283
